<?xml version="1.0" encoding="UTF-8" ?>
<XMLDB PATH="auth/rolespecificloginredirect/db" VERSION="20170323" COMMENT="XMLDB file for Moodle auth/rolespecificredir"
    xmlns:xsi="http://www.w3.org/2001/XMLSchema-instance"
    xsi:noNamespaceSchemaLocation="../../../lib/xmldb/xmldb.xsd"
>
  <TABLES>
    <TABLE NAME="auth_rolespecificredir" COMMENT="Users role that will be redirected.">
      <FIELDS>
        <FIELD NAME="id" TYPE="int" LENGTH="10" NOTNULL="true" SEQUENCE="true"/>
        <FIELD NAME="role_id" TYPE="int" LENGTH="10" NOTNULL="true" SEQUENCE="false"/>
        <FIELD NAME="role" TYPE="char" LENGTH="20" NOTNULL="true" SEQUENCE="false"/>
        <FIELD NAME="urltogo" TYPE="char" LENGTH="100" NOTNULL="true" SEQUENCE="false"/>

      </FIELDS>
      <KEYS>
        <KEY NAME="primary" TYPE="primary" FIELDS="id"/>
        <KEY NAME="role_fk" TYPE="foreign" FIELDS="role_id" REFTABLE="mdl_role" REFFIELDS="id"/>
      </KEYS>
      
    </TABLE>
  </TABLES>
</XMLDB>
